id;content;created_date
1;../fake-data/blob/hipster.txt;2024-12-09T10:49:52
2;../fake-data/blob/hipster.txt;2024-12-09T04:16:27
3;../fake-data/blob/hipster.txt;2024-12-09T10:44:47
4;../fake-data/blob/hipster.txt;2024-12-09T04:22:44
5;../fake-data/blob/hipster.txt;2024-12-09T00:36:03
6;../fake-data/blob/hipster.txt;2024-12-09T04:50:42
7;../fake-data/blob/hipster.txt;2024-12-09T09:25:12
8;../fake-data/blob/hipster.txt;2024-12-09T01:27:39
9;../fake-data/blob/hipster.txt;2024-12-09T10:41:55
10;../fake-data/blob/hipster.txt;2024-12-08T19:24:35
