id;name;description;created_date;modified_date
1;applaudir timide;../fake-data/blob/hipster.txt;2024-12-08T18:54:08;2024-12-08T19:47:44
2;sauf à ouah d'après;../fake-data/blob/hipster.txt;2024-12-08T16:48:38;2024-12-09T01:48:34
3;direction;../fake-data/blob/hipster.txt;2024-12-08T20:55:39;2024-12-09T00:43:45
4;cot cot équipe;../fake-data/blob/hipster.txt;2024-12-09T12:27:49;2024-12-09T01:07:26
5;rose;../fake-data/blob/hipster.txt;2024-12-09T09:17:34;2024-12-09T04:48:46
6;en vérité étant donné que drelin;../fake-data/blob/hipster.txt;2024-12-08T22:48:05;2024-12-09T09:56:50
7;fonctionnaire devant;../fake-data/blob/hipster.txt;2024-12-09T14:04:51;2024-12-08T22:51:44
8;incorporer minuscule;../fake-data/blob/hipster.txt;2024-12-09T08:06:19;2024-12-09T01:25:17
9;gai dorénavant;../fake-data/blob/hipster.txt;2024-12-09T02:40:31;2024-12-08T18:38:15
10;pas mal;../fake-data/blob/hipster.txt;2024-12-08T23:16:07;2024-12-09T09:19:56
