id;action;action_date;description
1;paf;2024-12-09T10:31:58;../fake-data/blob/hipster.txt
2;commissionnaire jouer géométrique;2024-12-09T13:37:13;../fake-data/blob/hipster.txt
3;concevoir;2024-12-08T19:38:27;../fake-data/blob/hipster.txt
4;juriste;2024-12-09T05:45:32;../fake-data/blob/hipster.txt
5;à la faveur de;2024-12-09T01:39:58;../fake-data/blob/hipster.txt
6;jusqu’à ce que longtemps prendre;2024-12-08T18:24:30;../fake-data/blob/hipster.txt
7;allonger;2024-12-08T17:31:55;../fake-data/blob/hipster.txt
8;jusqu’à ce que adversaire jadis;2024-12-09T14:10:50;../fake-data/blob/hipster.txt
9;gestionnaire rigoler;2024-12-09T11:58:35;../fake-data/blob/hipster.txt
10;actionnaire;2024-12-09T02:34:15;../fake-data/blob/hipster.txt
